<?xml version="1.0" encoding="UTF-8"?>
<!DOCTYPE mapper PUBLIC "-//mybatis.org//DTD Mapper 3.0//EN" "http://mybatis.org/dtd/mybatis-3-mapper.dtd">
<mapper namespace="com.iqw.eserver.modules.system.mapper.RoleMenuMapper">

	<!-- 通用查询映射结果 -->
	<resultMap id="BaseResultMap" type="com.iqw.eserver.modules.system.entity.RoleMenu">
		<id column="id" property="id" />
		<result column="role_id" property="roleId" />
		<result column="menu_id" property="menuId" />
        <result column="gmt_create" property="gmtCreate" />
        <result column="gmt_modified" property="gmtModified" />
	</resultMap>

    <!--    <resultMap id="ResultMap" type="RoleView" extends="BaseResultMap"></resultMap>-->

    <select id="selectRoleMenus" resultMap="BaseResultMap">
        SELECT
             *
        FROM t_sys_role_menu
        WHERE
             1 = 1
        <if test="filter.id!=null and filter.id!=''">
            AND	id= #{filter.id}
        </if>
        <if test="filter.roleId!=null and filter.roleId!=''">
            AND	role_id= #{filter.roleId}
        </if>
        ORDER BY id DESC
    </select>

    <delete id="deleteByRoleId">
        DELETE FROM t_sys_role_menu
        WHERE 1=1
        <if test="roleId!=null">
            AND role_id = #{roleId}
        </if>
    </delete>

    <select id="selectMenusByRoleId" resultType="com.iqw.eserver.modules.system.entity.Menu">
        SELECT
            p.*
        FROM
            t_sys_role_menu rp
        LEFT JOIN t_sys_menu p ON rp.menu_id = p.id
        WHERE 1=1
        <if test="roleId!=null">
            AND	role_id= #{roleId}
        </if>
    </select>

</mapper>
