<?xml version="1.0" encoding="UTF-8"?>
<!DOCTYPE mapper PUBLIC "-//mybatis.org//DTD Mapper 3.0//EN" "http://mybatis.org/dtd/mybatis-3-mapper.dtd">
<mapper namespace="com.iqw.eserver.modules.yunpan.mapper.PanCardMapper">

    <!-- 通用查询映射结果 -->
    <resultMap id="BaseResultMap" type="com.iqw.eserver.modules.yunpan.entity.PanCard">
        <id column="id" property="id" />
        <result column="gmt_create" property="gmtCreate" />
        <result column="gmt_modified" property="gmtModified" />
        <result column="name" property="name" />
        <result column="remarks" property="remarks" />
        <result column="keyword" property="keyword" />
        <result column="money" property="money" />
        <result column="user_id" property="userId" />
        <result column="code" property="code" />
        <result column="pwd" property="pwd" />
        <result column="private_code" property="privateCode" />
    </resultMap>


    <select id="selectPanCards" resultMap="BaseResultMap">
        SELECT
        *
        FROM t_pan_card
        WHERE
        1 = 1
        <if test="filter.id!=null and filter.id!=''">
            AND	id= #{filter.id}
        </if>
        <if test="filter.startTime!=null">
            AND <![CDATA[sl.gmt_create >= #{filter.startTime}]]>
        </if>
        <if test="filter.endTime!=null">
            AND <![CDATA[sl.gmt_create <= #{filter.endTime}]]>
        </if>
        ORDER BY id DESC
    </select>
</mapper>