<?xml version="1.0" encoding="UTF-8"?>
<!DOCTYPE mapper PUBLIC "-//mybatis.org//DTD Mapper 3.0//EN" "http://mybatis.org/dtd/mybatis-3-mapper.dtd">
<mapper namespace="com.iqw.eserver.modules.yunpan.mapper.PanTrashMapper">

    <!-- 通用查询映射结果 -->
    <resultMap id="BaseResultMap" type="com.iqw.eserver.modules.yunpan.entity.PanTrash">
        <id column="id" property="id" />
        <result column="gmt_create" property="gmtCreate" />
        <result column="item_id" property="itemId" />
        <result column="type" property="type" />
        <result column="size" property="size" />
        <result column="keyword" property="keyword" />
        <result column="remarks" property="remarks" />
        <result column="name" property="name" />
        <result column="md5" property="md5" />
        <result column="path" property="path" />
        <result column="user_id" property="userId" />
        <result column="visible" property="visible" />
    </resultMap>


    <select id="selectPanTrashs" resultMap="BaseResultMap">
        SELECT
        *
        FROM t_pan_trash
        WHERE
        1 = 1
        <if test="filter.id!=null and filter.id!=''">
            AND	id= #{filter.id}
        </if>
        <if test="filter.startTime!=null">
            AND <![CDATA[sl.gmt_create >= #{filter.startTime}]]>
        </if>
        <if test="filter.endTime!=null">
            AND <![CDATA[sl.gmt_create <= #{filter.endTime}]]>
        </if>
        ORDER BY id DESC
    </select>
</mapper>