<?xml version="1.0" encoding="UTF-8"?>
<!DOCTYPE mapper PUBLIC "-//mybatis.org//DTD Mapper 3.0//EN" "http://mybatis.org/dtd/mybatis-3-mapper.dtd">
<mapper namespace="com.iqw.eserver.modules.yunpan.mapper.StoreDhtMapper">

    <!-- 通用查询映射结果 -->
    <resultMap id="BaseResultMap" type="com.iqw.eserver.modules.yunpan.entity.StoreDht">
        <id column="id" property="id" />
        <result column="gmt_create" property="gmtCreate" />
        <result column="gmt_modified" property="gmtModified" />
        <result column="node_hash" property="nodeHash" />
        <result column="store_node_id" property="storeNodeId" />
    </resultMap>


    <select id="selectStoreDhts" resultMap="BaseResultMap">
        SELECT
        *
        FROM t_store_dht
        WHERE
        1 = 1
        <if test="filter.id!=null and filter.id!=''">
            AND	id= #{filter.id}
        </if>
        <if test="filter.storeNodeId!=null">
            AND store_node_id = #{filter.storeNodeId}
        </if>
        <if test="filter.nodeHash!=null">
            AND node_hash = #{filter.nodeHash}
        </if>
        ORDER BY id DESC
    </select>

    <select id="selectMaxDht" resultMap="BaseResultMap">
        SELECT
        *
        FROM t_store_dht
        ORDER BY node_hash DESC LIMIT 1
    </select>

    <select id="selectMinDht" resultMap="BaseResultMap">
        SELECT
        *
        FROM t_store_dht
        ORDER BY node_hash ASC LIMIT 1
    </select>

    <select id="selectJustBigByNodeHash" resultMap="BaseResultMap">
        SELECT
        *
        FROM t_store_dht
        WHERE  node_hash &gt; #{node_hash}
        ORDER BY node_hash ASC LIMIT 1
    </select>

    <select id="selectJustSmallByNodeHash" resultMap="BaseResultMap">
        SELECT
        *
        FROM t_store_dht
        WHERE  node_hash &lt; #{node_hash}
        ORDER BY node_hash ASC LIMIT 1
    </select>
</mapper>