<?xml version="1.0" encoding="UTF-8"?>
<!DOCTYPE mapper PUBLIC "-//mybatis.org//DTD Mapper 3.0//EN" "http://mybatis.org/dtd/mybatis-3-mapper.dtd">
<mapper namespace="com.iqw.eserver.modules.yunpan.mapper.StoreNodeMapper">

    <!-- 通用查询映射结果 -->
    <resultMap id="BaseResultMap" type="com.iqw.eserver.modules.yunpan.entity.StoreNode">
        <id column="id" property="id" />
        <result column="gmt_modified" property="gmtModified" />
        <result column="gmt_create" property="gmtCreate" />
        <result column="user_id" property="userId" />
        <result column="capacity" property="capacity" />
        <result column="capacity_left" property="capacityLeft" />
        <result column="node_state" property="nodeState" />
        <result column="store_path" property="storePath" />
    </resultMap>


    <select id="selectStoreNodes" resultMap="BaseResultMap">
        SELECT
        *
        FROM t_store_node
        WHERE
        1 = 1
        <if test="filter.id!=null and filter.id!=''">
            AND	id= #{filter.id}
        </if>
        <if test="filter.userId!=null and filter.userId!=''">
            AND	user_id= #{filter.userId}
        </if>
        <if test="filter.storePath!=null and filter.storePath!=''">
            AND	store_path= #{filter.storePath}
        </if>
        <if test="filter.startTime!=null">
            AND <![CDATA[sl.gmt_create >= #{filter.startTime}]]>
        </if>
        <if test="filter.endTime!=null">
            AND <![CDATA[sl.gmt_create <= #{filter.endTime}]]>
        </if>
        ORDER BY id DESC
    </select>

    <select id="selectSmallByCapacityLeft" resultMap="BaseResultMap">
        SELECT
        *
        FROM t_store_dht
        WHERE  capacity_left &lt;= #{capacity_left}
        ORDER BY id DESC
    </select>


    <select id="selectByPath" resultMap="BaseResultMap">
        SELECT
        *
        FROM t_store_node
        WHERE
        1 = 1 AND store_path= #{storePath}
        ORDER BY id DESC
    </select>

</mapper>