<?xml version="1.0" encoding="UTF-8"?>
<!DOCTYPE mapper PUBLIC "-//mybatis.org//DTD Mapper 3.0//EN" "http://mybatis.org/dtd/mybatis-3-mapper.dtd">
<mapper namespace="com.iqw.eserver.modules.yunpan.mapper.StoreConflictMapper">

    <!-- 通用查询映射结果 -->
    <resultMap id="BaseResultMap" type="com.iqw.eserver.modules.yunpan.entity.StoreConflict">
        <id column="id" property="id" />
        <result column="gmt_create" property="gmtCreate" />
        <result column="gmt_modified" property="gmtModified" />
        <result column="file_md5" property="fileMd5" />
        <result column="repeat_num" property="repeatNum" />
        <result column="file_size" property="fileSize" />
        <result column="file_name" property="fileName" />
    </resultMap>


    <select id="selectStoreConflicts" resultMap="BaseResultMap">
        SELECT
        *
        FROM t_store_conflict
        WHERE
        1 = 1
        <if test="filter.id!=null and filter.id!=''">
            AND	id= #{filter.id}
        </if>
        <if test="filter.startTime!=null">
            AND <![CDATA[sl.gmt_create >= #{filter.startTime}]]>
        </if>
        <if test="filter.endTime!=null">
            AND <![CDATA[sl.gmt_create <= #{filter.endTime}]]>
        </if>
        ORDER BY id DESC
    </select>


    <select id="selectByFileMd5" resultMap="BaseResultMap">
        SELECT
        *
        FROM t_store_conflict
        WHERE
        1 = 1
        <if test="fileMd5!=null and fileMd5!=''">
            AND	file_md5= #{fileMd5}
        </if>
        ORDER BY id DESC
    </select>

</mapper>